represent,none
nurseri,none
freshwat,none
edg,none
invent,none
atlant,none
mile,none
landscap,none
sunb,none
wash,none
repetit,none
compact,none
ironc,none
brackish,none
zone,none
harvest,none
sparrow,none
program,none
becam,none
sens,none
gravel,none
screen,none
introduc,none
everi,none
decidu,none
obscura,none
far,none
perenni,none
elementsc,none
elementsd,none
elevationc,none
feasibl,none
candid,none
allus,none
failur,none
cool,none
tri,none
tonal,none
die,none
portraitur,none
henri,none
list,none
sand,none
system,none
plummet,none
meadow,none
ten,none
speci,none
natur,none
direct,none
crop,none
past,none
glassi,none
aggreg,none
calotypec,none
bacteria,none
will,none
compar,none
sun,none
melt,none
forc,none
compos,none
appeal,none
ever,none
method,none
elimin,none
burn,none
chose,none
len,none
water,none
accur,none
lawsb,none
excess,none
modifi,none
convert,none
deterior,none
intertid,none
copiedb,none
emuls,none
technolog,none
reclam,none
extrem,none
narrow,none
cobbl,none
redw,none
appli,none
prefer,none
wildlif,none
readili,none
brought,none
prestig,none
rodent,none
sulfat,none
unit,none
transplant,none
describ,none
distinct,none
flood,none
impos,none
live,none
call,none
crab,none
taken,none
type,none
sort,none
pencil,none
tidesc,none
impress,none
site,none
glass,none
visual,none
rabbit,none
known,none
resemblanc,none
effort,none
must,none
reproduct,none
pinhol,none
valuabl,none
restor,none
work,none
uniqu,none
learn,none
root,none
scatter,none
interstellar,none
unanticip,none
give,none
near,none
sphere,none
celsius,none
phrase,none
hydrogen,none
surfac,none
rather,none
ordinari,none
classifi,none
alway,none
allend,none
flow,none
ancestor,none
simpl,none
alrerniflora,none
prolif,none
outsid,none
may,none
await,none
minimum,none
substanc,none
usabl,none
reflect,none
waterfront,none
drastic,none
nobl,none
grow,none
stabil,none
practic,none
muybridg,none
obsolet,none
element,none
waterfowl,none
spheric,none
shade,none
feed,none
constitu,none
composit,none
insight,none
midnight,none
ita,none
report,none
paper,none
estuari,none
sulfurc,none
still,none
digest,none
eros,none
perfect,none
style,none
chihuahua,none
thank,none
decay,none
fix,none
marsh,none
unusuallyb,none
easier,none
bya,none
gray,none
food,none
wast,none
break,none
toxic,none
now,none
day,none
introduct,none
term,none
practicalityc,none
realist,none
beach,none
authent,none
predatori,none
februari,none
trap,none
dangerouslyc,none
found,none
difficult,none
daguerreotyp,none
plant,none
interestingd,none
begun,none
our,none
wealthyd,none
event,none
silt,none
flower,none
snail,none
chondrul,none
influenc,none
dredg,none
defend,none
publish,none
content,none
print,none
got,none
clarifi,none
insid,none
gase,none
dung,none
calotyp,none
marey,none
believ,none
meteorit,none
earliest,none
fring,none
unwil,none
recov,none
subtid,none
perman,none
threat,none
onto,none
organiz,none
origin,none
copper,none
improvementb,none
ond,none
dega,none
done,none
topograph,none
art,none
massiv,none
plastic,none
citi,none
nebular,none
ton,none
white,none
successfullyc,none
nonnat,none
meadowsd,none
jule,none
villag,none
copi,none
mudflat,none
nutrientsd,none
tissu,none
attempt,none
peculiar,none
inventor,none
kind,none
eadweard,none
matter,none
silicon,none
iron,none
bind,none
atmospher,none
modern,none
tide,none
say,none
seed,none
miniatur,none
unintentionalc,none
sap,none
afraid,none
recreat,none
equival,none
greek,none
engrav,none
mid,none
hamper,none
unawar,none
etienn,none
environ,none
concern,none
divers,none
allow,none
object,none
multitud,none
react,none
regular,none
spartina,none
oyster,none
zealand,none
substrat,none
perceiv,none
quantiti,none
inde,none
weigh,none
salt,none
inexpens,none
enigma,none
crust,none
cheapli,none
talbot,none
bright,none
estuarin,none
radic,none
earth,none
rough,none
lensb,none
fine,none
impact,none
slow,none
ratio,none
shellfish,none
gulf,none
cordgrass,none
forev,none
theme,none
busi,none
black,none
rich,none
naturalist,none
sulfur,none
suggestionsc,none
his,none
get,none
familiar,none
de,none
photograph,none
bear,none
itc,none
pocket,none
nativ,none
lighter,none
spanina,none
indirectb,none
truli,none
daguerr,none
coast,none
scene,none
reluct,none
aluminum,none
artist,none
marshi,none
displac,none
achiev,none
bird,none
stuff,none
integr,none
contain,none
inhospit,none
privileg,none
unlikelyd,none
sediment,none
mysteriousc,none
nitrogen,none
float,none
etchingd,none
resist,none
wetland,none
equip,none
declineb,none
portrait,none
deriv,none
awar,none
shrimplik,none
graduallyb,none
away,none
nebula,none
discoveri,none
specimensd,none
volatil,none
chemic,none
approach,none
enigmat,none
numer,none
rock,none
isol,none
createsb,none
extens,none
rare,none
french,none
blackbird,none
toler,none
accident,none
genuinenessd,none
cycl,none
equal,none
sedimentb,none
logic,none
mani,none
seri,none
whole,none
compromis,none
unclear,none
tone,none
technic,none
character,none
inspir,none
smother,none
successd,none
distil,none
colon,none
throughout,none
coloni,none
pristin,none
duplic,none
slowli,none
west,none
compon,none
artc,none
treat,none
interest,none
unableb,none
sulfid,none
tini,none
emphas,none
presenc,none
imag,none
gas,none
uncommon,none
unpos,none
impati,none
painter,none
case,none
refractori,none
pueblito,none
therefor,none
look,none
herbicidesd,none
similarto,none
alter,none
employ,none
calcium,none
decreas,none
eventuallya,none
pack,none
erad,none
purchas,none
mexico,none
thus,none
destin,none
motiv,none
exterior,none
chondro,none
scienc,none
patent,none
audienc,none
fragment,none
nutrient,none
underground,none
revolutionari,none
domin,none
fuse,none
plantsb,none
canva,none
earlest,none
expand,none
techniqu,none
broke,none
solidc,none
kept,none
chemistri,none
thought,none
pureb,none
anim,none
expens,none
elev,none
model,none
ordinaryd,none
stem,none
abund,none
obtain,none
rest,none
germin,none
front,none
shape,none
sightb,none
previous,none
irregular,none
cut,none
realisticd,none
expos,none
interfer,none
theoret,none
silver,none
shorelin,none
silic,none
spread,none
successor,none
match,none
repeatedlyc,none
matterb,none
around,none
dangerousb,none
admit,none
specimen,none
howth,none
mow,none
piec,none
dark,none
deplet,none
largerth,none
disput,none
loui,none
paint,none
excret,none
glyphosph,none
resid,none
lost,none
specif,none
clay,none
varieti,none
modificationc,none
necessari,none
lose,none
popular,none
luxuri,none
soft,none
manag,none
embarrassedc,none
italian,none
assort,none
chondrit,none
salin,none
habitat,none
creation,none
dead,none
repeat,none
sampl,none
unquestion,none
home,none
lump,none
surpris,none
textur,none
attemptsd,none
competitor,none
benefici,none
miner,none
surprisingb,none
waterd,none
speak,none
reproduc,none
reveal,none
broken,none
benefit,none
tidal,none
throw,none
simpler,none
comparison,none
stone,none
actual,none
examin,none
unnecessari,none
degre,none
stand,none
canaletto,none
predat,none
effici,none
additionb,none
washington,none
bound,none
titanium,none
venic,none
coastal,none
announc,none
soon,none
replacedc,none
east,none
inclus,none
crowd,none
pictur,none
percept,none
fast,none
fascin,none
camera,none
offshor,none
exceed,none
replac,none
biggest,none
etch,none
medium,none
perplex,none
growsb,none
surviveb,none
heat,none
land,none
solar,none
atom,none
eat,none
entirelyfrom,none
longer,none
boxlik,none
possibl,none
sludg,none
planet,none
unusu,none
embed,none
grass,none
trim,none
featur,none
hotter,none
creat,none
alterniflora,none
handledd,none
deer,none
deep,none
gland,none
held,none
ina,none
film,none
probabl,none
assembl,none
fiddler,none
titl,none
estim,none
detail,none
virtual,none
afford,none
book,none
meteor,none
pictori,none
thousand,none
realiti,none
poor,none
marshland,none
plate,none
condens,none
profession,none
sequenc,none
felt,none
william,none
insect,none
intent,none
lent,none
changesc,none
expectedc,none
matrix,none
droplet,none
sakec,none
coat,none
faster,none
moveb,none
unselect,none
portion,none
mass,none
seawe,none
herbicid,none
dust,none
surprisinglyd,none
all,1
lack,1
abil,1
follow,1
middl,1
depend,1
introductori,1
to,1
worth,1
adapt,1
veri,1
affect,1
level,1
did,1
democrat,1
fewer,1
form,1
small,1
prevent,1
d,1
consequ,1
rate,1
even,1
what,1
appear,1
abl,1
brief,1
new,1
fall,1
movement,1
led,1
variat,1
locat,1
along,1
becom,1
sinc,1
valu,1
larger,1
amount,1
base,1
chang,1
dioxid,1
leav,1
visibl,1
establish,1
use,1
or,1
from,1
would,1
incorrect,1
two,1
few,1
doubt,1
minor,1
more,1
on,1
peopl,1
hundr,1
relat,1
about,1
indic,1
particular,1
hold,1
inhabit,1
signific,1
this,1
remain,1
paragraph,1
can,1
control,1
claim,1
process,1
in,1
accept,1
high,1
occur,1
huge,1
multipl,1
turn,1
anoth,1
answer,1
product,1
express,1
befor,1
demonstr,1
a,1
essenti,1
light,1
inform,1
cannot,1
enter,1
order,1
help,1
gradual,1
over,1
becaus,1
through,1
vari,1
passag,1
late,1
carri,1
main,1
might,1
then,1
them,1
good,1
greater,1
sentenc,1
they,1
not,1
choic,1
name,1
oxygen,1
drop,1
each,1
mean,1
england,1
fish,1
expect,1
year,1
out,1
by,1
develop,1
suitabl,1
common,1
after,1
occupi,1
effect,1
quick,1
reason,1
success,1
releas,1
could,1
area,1
so,1
british,1
thing,1
place,1
view,1
first,1
feel,1
onc,1
number,1
one,1
unlik,1
alreadi,1
long,1
open,1
size,1
has,1
differ,1
excepta,1
sometim,1
least,1
too,1
final,1
includ,1
way,1
lower,1
part,1
wide,1
toa,1
provid,1
remov,1
biolog,1
structur,1
project,1
posit,1
minut,1
other,1
are,1
and,1
well,1
ani,1
complet,1
have,1
need,1
seem,1
their,1
that,1
also,1
take,1
which,1
channel,1
begin,1
though,1
reach,1
mixtur,1
most,1
millimet,1
the,1
clear,1
cover,1
determin,1
nineteenth,1
think,1
show,1
cheap,1
find,1
ground,1
onli,1
TRUE,1
explain,1
than,1
local,1
do,1
predict,1
hit,1
b,1
increas,1
photographi,1
characterist,1
where,1
summari,1
marin,1
organ,1
accord,1
result,1
improv,1
best,1
state,1
physiolog,1
between,1
experi,1
we,1
were,1
subject,1
rapid,1
problem,1
both,1
c,1
last,1
region,1
against,1
s,1
among,1
point,1
within,1
littl,1
suppli,1
averag,1
quit,1
strong,1
second,1
devic,1
three,1
been,1
fisheri,1
certain,1
dure,1
great,1
togeth,1
rang,1
general,1
these,1
while,1
howev,1
advantag,1
almost,1
is,1
it,1
sudden,1
centuri,1
carbon,1
present,1
author,1
suggest,1
make,1
belong,1
same,1
descend,1
grain,1
eventu,1
higher,1
competit,1
evid,1
cloud,1
scientist,1
studi,1
mention,1
itself,1
identifi,1
just,1
less,1
percent,1
human,1
behind,1
simpli,1
speed,1
down,1
mix,1
had,1
except,1
compet,1
hypothesi,1
format,1
steadili,1
temperatur,1
such,1
birth,1
world,1
like,1
negat,1
tend,1
often,1
some,1
play,1
transport,1
for,1
confirm,1
closest,1
hour,1
evolv,1
larg,1
select,1
condit,1
refer,1
be,1
who,1
word,1
pose,1
whi,1
if,1
although,1
major,1
of,1
materi,1
produc,1
own,1
primarili,1
into,1
surviv,1
import,1
fill,1
enabl,1
question,1
avail,1
low,1
was,1
individu,1
function,1
tradit,1
an,1
infer,1
offer,1
altogeth,1
but,1
idea,1
strike,1
measur,1
with,1
made,1
consist,1
up,1
crystal,1
below,1
those,1
how,1
highlight,1
similar,1
metal,1
repres,1
as,1
at,1
doe,1
no,1
when,1
role,1
much,1
consid,1
reduc,1
scientif,1
time,1
serious,1
