nurseri,2
freshwat,13
woodi,3
eanna,2
four,37
sleep,42
asian,1
climb,1
oldest,7
forget,1
whose,2
authorit,2
accur,7
craftspeopl,2
brackish,3
concret,1
under,18
judg,1
worth,1
barley,1
merchant,10
everi,12
risk,3
chlorophyl,1
unpopular,1
blanket,1
rise,21
pigment,2
ident,3
arous,1
appar,13
vast,1
disturb,1
scholar,9
naturalist,6
spacecraft,1
factori,5
settlement,14
venus,4
enjoy,3
testaccio,6
speci,143
direct,22
histor,1
consequ,11
second,14
glassi,5
aggreg,7
hundredfold,1
mesopotamian,4
even,36
lesser,2
captain,1
hide,3
biolog,5
worsen,2
panama,2
asid,1
calcul,7
asia,4
metamorph,3
fossil,16
conduct,6
new,51
net,3
ever,12
hectar,3
ongo,2
elimin,9
intellectu,1
behavior,35
aquat,3
never,2
richest,3
drew,1
herd,15
met,2
locomot,1
path,2
pleasur,1
interpret,8
deterior,3
phylogenet,1
dri,29
credit,1
permit,5
studi,40
controversi,2
imposs,3
vicin,3
infantil,5
brought,11
topographi,3
instabl,3
total,7
unit,13
plot,2
dna,1
describ,23
would,37
call,15
strike,2
type,34
until,9
subsurfac,2
relay,1
relax,2
remark,6
relat,39
notic,2
warn,1
glass,3
export,5
warm,11
adult,17
biotic,1
hole,4
hold,8
must,20
cerebellum,2
accid,1
word,123
room,1
restor,2
work,36
roof,2
penetr,1
wors,3
era,1
refut,1
root,15
eri,7
whitetail,1
overrid,1
kinet,2
skyscrap,1
climat,31
give,15
household,8
captiv,1
india,3
indic,60
frighten,1
want,5
piaget,3
attract,3
gigant,1
motion,2
aquiclud,1
end,21
turn,17
cylind,7
travel,4
faulti,1
classifi,2
ceremoni,2
how,54
hot,31
disappear,5
allend,18
answer,48
widespread,5
ancestor,4
beach,1
enabl,11
kilowatt,1
recogn,6
after,25
substanc,4
lump,3
befor,28
modest,1
geolog,17
waterfront,1
mesa,11
law,8
parallel,2
demonstr,11
attempt,5
third,14
minim,3
childhood,2
greek,2
maintain,6
environ,36
aboveground,2
enter,15
exclus,5
mechan,35
vapor,1
order,15
wind,12
verd,11
oper,9
composit,19
sprout,1
over,58
fall,26
becaus,93
foodstuff,3
privileg,3
oven,1
affect,28
japan,2
flexibl,1
vari,19
digest,1
fir,2
overemphas,1
chihuahua,1
fit,33
fix,5
stomata,1
crew,1
better,14
offic,2
persist,3
comprehens,1
hidden,2
easier,7
then,38
them,44
anim,104
recours,1
tourist,1
fragment,2
promin,4
pelag,1
safe,3
break,6
they,212
wedg,1
tourism,1
silver,1
bank,2
clockmak,3
choic,62
tendenc,6
meat,1
oxygen,9
reopen,1
undermin,1
rocki,1
arrow,2
each,35
volcano,42
went,3
european,6
side,10
bone,2
mean,157
panaramite,13
resum,2
enorm,7
group,22
turnip,1
dawn,1
extract,10
incomprehens,1
contend,1
depress,2
velvet,1
network,1
goe,1
god,6
newli,2
crucial,2
content,6
laid,1
branch,2
millennium,10
adapt,33
got,3
ware,2
unrecogn,1
forth,1
forti,1
impract,1
inot,1
navig,1
written,2
situat,5
calotyp,6
free,4
standard,11
frew,1
fring,2
perform,7
sunshin,1
puzzl,3
angl,1
ritual,3
silicon,2
loui,2
renew,7
fuse,3
unabl,4
isl,3
kingdom,1
baltic,3
onto,3
pristin,2
rang,20
independ,10
wast,5
rank,1
capac,12
restrict,3
wash,3
unlik,14
alreadi,3
thick,4
massiv,2
primari,9
equinox,2
toy,1
attach,3
top,1
amsterdam,1
sometim,14
stack,2
ton,4
too,14
dwell,5
toa,1
inflow,2
nonnat,1
urban,30
biblic,1
tool,7
took,7
wisdom,1
reradi,1
western,1
somewhat,1
conserv,1
happili,1
zeeland,1
waterless,1
peculiar,2
guild,1
discourag,1
provid,72
tree,11
narrat,5
project,7
matter,16
street,4
iron,33
minut,4
horticulturalist,1
fashion,2
close,28
seep,4
ran,1
modern,11
mind,9
mine,6
gradualist,1
raw,13
pessimist,2
seed,14
manner,1
increment,1
miniatur,3
infring,1
seen,4
seem,19
seek,1
dozen,1
abroad,2
recreat,1
widen,2
latter,5
especi,17
snow,2
primigenius,2
vados,6
sleeper,1
transmit,1
potsherd,1
germani,2
plenti,6
though,12
iceland,4
object,8
terrestri,15
marin,9
regular,7
mouth,1
millimet,5
phase,2
insul,4
coin,1
the,3569
zealand,6
driest,1
simplic,2
unexplain,1
lift,1
cathol,5
flow,45
dog,7
doe,78
busywork,1
nineteenth,15
unchang,6
rotari,1
came,10
pollen,1
ashor,1
hunger,1
crust,4
cheapli,2
perenni,8
chore,2
estuarin,1
radic,3
earth,32
nevada,1
adz,3
involv,13
despit,3
geyser,4
layout,1
shellfish,1
spite,1
explain,43
configur,2
theme,1
busi,7
geologist,6
rich,5
florenc,1
do,48
remotest,2
patter,1
wide,14
de,1
stop,8
fluid,3
coast,9
pocket,1
report,4
reconstruct,4
glossi,1
daguerr,2
igneous,3
excel,2
gaus,2
public,3
indigen,3
bad,3
erupt,6
fourteenth,1
gaug,1
linguist,1
steam,46
respond,2
victim,1
fair,5
specialist,7
resist,17
result,58
respons,14
fail,5
best,65
subject,6
expertis,2
awar,7
said,1
away,15
sail,4
discoveri,13
mud,1
figur,15
superabund,1
drawn,2
approach,8
inabl,3
we,15
extend,9
emigr,1
weak,3
southeast,1
here,3
extent,7
toler,2
protect,4
accident,2
easi,7
irregular,9
fault,8
howev,38
unemploy,1
bolt,1
against,10
decid,1
logic,3
countri,12
uncertainti,1
compromis,1
exhibit,2
assur,2
tone,1
had,117
height,9
canyon,3
master,2
guid,1
assum,3
san,3
plumag,1
accustom,3
iraq,2
three,22
been,79
specul,2
much,53
interest,9
basic,5
basin,5
sulfid,6
warmth,1
tini,2
life,31
regul,7
deeper,2
eastern,4
confin,1
worker,12
uncommon,2
argument,5
nile,3
craft,14
child,9
spin,2
traumat,2
unsold,1
has,83
servic,2
properti,1
lessen,1
commerci,8
air,27
employ,3
calcium,1
near,20
neat,1
occas,1
aid,4
hilli,1
savanna,3
seven,4
printabl,1
coher,1
metropolitan,1
mexico,4
diaphragm,10
is,582
tabl,24
it,427
disprov,1
elicit,1
eighteen,1
exterior,2
in,1325
sever,17
if,42
grown,5
precis,3
undamag,1
jame,3
patent,3
suggest,37
make,54
forehead,11
utilitarian,2
complex,25
descend,2
big,1
complet,18
wheel,14
cellulos,2
evid,40
overh,1
ingenu,1
millennia,1
rail,4
rain,13
hand,3
runoff,1
rais,11
boiler,1
hygien,1
refin,4
engin,25
guardian,1
photosynthet,4
techniqu,8
butter,1
kept,10
kitchenwar,2
ocean,16
qualit,1
rome,3
greatest,2
mother,2
metabol,9
jean,2
left,5
bellow,2
identifi,9
background,1
just,18
rodent,2
rootlik,1
farther,6
human,26
sewag,1
yet,8
previous,6
metropoli,1
elk,5
expos,5
interfer,2
character,11
spread,19
retreat,3
primit,1
els,1
har,3
east,16
gave,5
applic,4
mayb,1
preserv,3
semipreci,1
fluiditi,2
birth,4
elabor,3
shadow,1
illiter,1
detector,1
ineffici,1
apart,6
shoulder,1
measur,14
specif,12
cooler,2
contradict,1
hunt,18
negat,6
soap,1
remind,1
pavement,1
unstabl,1
night,6
luxuri,4
unnecessari,1
right,2
old,14
crowd,4
vigor,2
intensif,1
interv,1
maxim,1
dead,3
intern,3
indirect,1
strife,1
cooper,12
for,321
fourth,7
seventeenth,13
reinvest,1
ice,9
tempor,1
overcom,6
condit,40
core,2
sensibl,2
discord,1
corn,3
pose,4
buri,1
duplic,3
multitud,1
peer,1
steadili,2
conceal,1
coral,5
rim,3
literatur,4
surround,15
unfortun,5
distinct,10
plus,1
canaletto,2
alga,19
anthropolog,1
produc,93
bath,1
dilemma,1
civil,5
cuneus,1
float,5
profession,5
bound,1
appropri,5
down,19
creativ,1
coastal,1
salin,2
storag,10
bevel,3
deal,7
suffici,6
wag,1
extermin,2
support,32
closur,2
transform,11
sunlight,4
class,4
avail,29
imit,1
reli,4
formul,3
way,70
wax,1
boom,1
was,270
war,2
overhang,1
analysi,3
head,1
medium,2
gaseous,1
form,79
offer,3
altogeth,1
back,15
substrat,5
heat,108
hear,2
percentag,1
solar,18
tasmania,5
true,30
analyst,1
absent,1
inquir,1
sludg,1
maximum,3
tell,8
crystal,1
inaccur,1
absenc,4
fundament,1
palm,2
unrel,3
temper,1
trim,1
classif,1
featur,17
hotter,1
impoverish,3
turbo,1
abstract,2
muscular,3
sale,5
gland,4
exist,26
glanc,1
prayer,1
door,1
ship,40
mold,4
check,2
assembl,2
no,48
when,97
drought,9
flood,5
tin,4
role,17
communic,6
pictori,1
test,2
tie,1
presum,5
smell,5
roll,3
realiti,1
tame,6
benefici,2
felt,1
diet,6
intens,12
intent,4
consid,14
balloon,2
billion,1
outdat,2
younger,4
receiv,6
faster,5
furthermor,6
steadi,2
bottom,1
turbul,4
geometr,15
inexpens,2
time,124
push,9
serious,6
daili,10
concept,5
chain,15
particular,32
focus,3
invent,15
mithen,5
signific,22
mile,4
skin,2
mill,23
milk,4
discern,2
varnish,2
middl,7
depend,36
zone,10
religion,1
agriculturalist,1
intermedi,3
turbin,4
crater,34
environment,12
decis,1
rhythm,1
southwest,5
brown,3
sourc,32
nerv,3
congest,1
ensu,1
olympus,3
feasibl,1
convict,1
cook,1
join,2
exact,6
cool,8
drag,1
intraspeci,1
scandinavia,3
hour,10
administr,3
level,37
did,37
die,4
henri,2
hawaii,9
charcoal,4
magnet,1
respiratori,5
quick,15
sedimentari,2
recogniz,1
round,11
prevent,15
plummet,1
meadow,3
scarciti,2
trend,1
nonpredatori,1
pore,11
sign,12
cost,13
worn,1
bacteria,1
precipit,3
cargo,2
appear,33
ere,1
repli,1
melt,13
uniform,1
current,7
portugues,6
kilomet,11
territori,3
eohippus,1
appeal,3
tiber,2
burn,5
deriv,6
dweller,1
compos,3
genet,2
french,2
water,234
modif,1
twentieth,8
drainag,5
along,13
viabl,1
teacher,1
box,2
buck,45
canadian,1
brilliant,1
shift,7
bos,2
worldwid,2
bow,2
mauritius,1
behav,3
dusti,1
extrem,11
reclaim,5
promot,1
orient,3
dioxid,12
love,1
jar,3
prefer,6
visibl,2
instal,2
dispers,5
market,13
transplant,3
manufactur,3
fresher,2
memori,51
sake,1
wane,1
visit,3
by,306
live,44
wood,4
prey,27
australian,17
today,10
capit,1
afford,3
peopl,84
enhanc,3
visual,9
rigid,1
templ,4
examin,4
ventur,1
effort,20
religi,3
tobacco,1
graphic,2
pinhol,1
car,3
battl,5
uniqu,2
cat,1
fli,4
minimum,2
can,114
inadequ,3
tortuous,1
purpos,8
attain,1
claim,11
unanticip,2
predict,7
agent,1
iconographi,1
heard,1
critic,2
celsius,1
council,3
pond,2
disadvantag,4
hydrogen,1
occur,65
undergon,2
occup,1
multipl,3
winter,6
paleontologist,3
husbandri,2
economi,6
write,6
alway,15
vital,2
pure,3
entrench,1
xerophyt,2
map,7
product,78
mar,32
may,71
southern,8
usabl,4
date,7
such,47
suck,2
secondari,1
data,2
grow,30
accessori,1
stress,5
intergranular,1
knit,1
practic,23
liquid,6
conscious,2
secur,1
permafrost,3
maxwel,2
inform,71
switch,3
preced,2
so,55
deposit,9
african,2
tall,3
purifi,1
ordinari,4
talk,13
shield,8
anticip,1
gradual,24
midnight,1
stonewar,2
brain,11
crack,2
estuari,6
equip,2
cold,2
still,20
entiti,1
conjunct,2
rooftop,1
thank,1
hors,6
willow,3
passag,189
opportun,5
autonomi,2
artisan,2
saxon,1
farmer,14
main,10
cutter,2
busy,1
recal,2
hop,1
wealthi,4
encod,1
automobil,1
shatter,1
initi,5
nation,1
toxic,6
aesthet,1
therebi,3
half,6
not,174
courtship,1
now,27
discuss,8
nor,4
introduct,5
outweigh,2
term,19
workload,1
name,8
realist,4
servant,1
perspect,1
chondrit,12
interspeci,1
separ,5
peasant,6
careless,1
faienc,2
rock,112
quarter,2
notabl,1
replac,19
individu,27
continu,20
intermitt,2
begun,1
year,95
happen,10
dispos,1
canada,5
shown,7
artifici,3
chondrul,16
profit,4
dredg,1
profil,1
priest,1
dutch,24
correct,11
she,1
earlier,11
glimps,1
migrat,4
hull,1
domest,12
million,24
carv,12
argu,15
california,7
theori,15
cough,5
unpredict,1
care,5
tigri,1
unwil,1
frequenc,1
synchron,1
british,7
ostrich,3
recov,5
thing,9
lie,11
place,21
unwis,1
principl,1
think,8
frequent,8
first,60
origin,25
oppon,1
carri,9
onc,28
one,96
dega,1
shipyard,3
long,48
oppos,1
twelfth,1
drove,1
open,10
size,21
urin,1
given,16
sheet,1
convent,3
undecor,1
bloom,2
bite,2
breed,9
plastic,1
citi,81
assort,1
necessarili,3
draft,2
averag,10
circl,3
white,8
fraction,1
that,638
season,19
copi,3
eighteenth,8
enigma,1
domin,30
peck,1
than,151
inventor,1
serv,10
alternifolra,1
overtaken,1
rival,1
recruit,3
were,231
posit,9
distor,1
counselor,1
seri,5
and,982
lowest,1
lick,3
influenti,2
sag,3
ani,19
delin,1
ant,1
anu,1
say,5
deliv,2
sap,1
saw,6
dryness,1
mislead,2
clung,1
fertil,8
squar,29
moreov,1
centimet,3
note,6
forc,8
ideal,4
take,20
interior,11
destroy,3
noth,4
channel,9
begin,13
sure,2
trace,2
normal,3
multipli,1
price,15
knew,2
compress,1
axi,3
pair,5
america,7
peninsula,1
annum,1
adopt,6
drive,3
quantiti,23
readjust,1
pattern,13
grassland,3
wine,1
salt,15
scyth,2
slope,4
surplus,2
show,35
cheap,4
friction,2
geographi,3
talbot,6
bright,1
concurr,1
southwestern,1
corner,1
contemporari,6
fifth,3
ground,15
onli,65
slow,11
ratio,5
gulf,3
relentless,1
plume,8
cordgrass,10
activ,51
enough,23
taproot,1
quickest,1
black,4
glandular,3
wool,1
offici,1
viewpoint,3
get,6
fragil,1
nobl,2
aim,1
cannot,13
lighter,2
chemic,12
dye,2
trade,18
antler,5
requir,22
truli,2
reveal,10
aluminum,1
artist,20
seldom,1
unfamiliar,1
dramat,7
yield,6
scientist,13
inhospit,3
cloudlik,1
where,102
vision,1
summari,33
burst,4
spars,3
stylist,1
asleep,3
seam,1
seal,11
reserv,2
unequ,2
concern,4
intim,2
detect,5
shrimplik,1
innov,4
backwat,1
glaze,1
label,1
pump,10
volatil,5
voluntari,3
between,79
freder,2
import,93
across,13
fight,1
assumpt,2
gould,3
parent,8
screen,1
dome,4
archaeolog,11
cycl,26
gentl,3
shortag,9
come,13
isthmus,3
reaction,1
region,42
monk,1
contract,1
nearbi,1
audienc,2
mani,62
railway,3
eridu,3
among,29
acceler,1
undocu,1
spoil,1
color,2
overview,1
pot,4
inspir,1
period,51
duti,1
exploit,3
colon,6
comeback,1
cancel,1
seepag,13
extinct,14
twig,6
coloni,1
precious,1
damag,1
save,1
ultim,1
coupl,1
stretch,6
west,2
jerki,1
classic,1
venic,17
mark,9
breath,52
workshop,2
diseas,3
overland,6
reflex,4
torpor,1
lignin,1
emphas,12
thousand,9
auditori,1
suscept,2
andrew,1
nrem,14
wake,8
potabl,3
univers,1
impati,1
intertwin,1
those,35
sniff,2
case,18
refractori,5
thesi,3
diagnost,1
these,77
mount,1
imperi,1
cast,2
outcom,1
centigrad,8
margin,1
trader,1
erad,1
advantag,10
soil,6
henc,2
convinc,3
destin,1
unsatisfactori,1
sudden,10
sahara,8
eras,1
waterway,1
chondro,1
everyday,1
develop,111
harsh,2
author,41
bowl,4
s,144
same,45
decor,4
speech,2
elit,4
enrich,3
ecolog,6
eventu,12
pan,1
week,3
exhaust,3
finish,3
closest,114
nest,2
driven,5
capabl,10
fruit,10
improv,20
extern,1
drain,7
reliev,1
floor,1
justifi,1
without,13
relief,5
anthropomorph,1
model,4
reward,2
summer,6
clog,1
abund,17
money,4
autobiograph,25
rest,3
aspect,3
touch,2
polish,2
speed,10
blow,1
europ,19
sheldon,4
rose,4
except,41
littl,15
silic,4
versa,1
notori,1
vulner,1
heavier,2
discontinu,2
earli,35
supposit,1
around,21
hypothesi,13
ruler,1
specimen,6
mow,1
vasco,2
dark,4
temperatur,42
deplet,5
mon,5
loos,1
world,29
excret,1
glyphosph,1
clam,2
stranger,1
distil,1
juxtaposit,3
effrot,1
benefit,11
either,9
clay,6
output,12
downward,2
manag,6
sharp,1
verbal,9
muscl,7
satisfactori,1
radiat,6
constitut,3
endeavor,2
freez,1
confirm,5
definit,3
landscap,9
moon,12
pioneer,4
moos,6
evolv,17
exit,1
lunar,3
noisemak,1
evapor,13
complic,2
refer,11
aquif,12
wheat,1
power,72
ration,1
broken,3
fulli,4
standpoint,1
throw,2
on,212
stone,11
central,7
of,1924
meaning,1
degre,3
fell,3
wolf,1
stand,7
neighbor,4
act,2
industri,53
bond,1
or,161
road,2
effici,29
overgrown,2
surviv,15
mudston,1
supersed,1
strip,1
tharsi,6
your,2
phreatophyt,2
logogram,5
area,77
there,67
poasotrl,1
start,11
fascin,1
outflow,3
budg,1
low,24
lot,4
laboratori,2
submiss,2
overharvest,2
valley,3
hare,26
hard,7
relic,1
cultiv,8
conclud,3
turmpet,1
regard,2
femal,10
oscil,2
offspr,4
infrequ,2
realli,2
with,204
feather,5
conclus,2
longer,19
pull,1
rush,1
cacti,1
impenetr,1
possibl,31
unusu,6
monopoli,2
blackbird,1
embed,1
grass,5
expect,11
oxen,5
ad,32
creat,22
horticultur,8
certain,13
deer,53
deep,19
general,31
alarm,1
as,280
decreas,17
at,147
cultur,13
proport,1
film,1
fill,13
incorrect,21
again,6
fiddler,1
benoit,3
compel,2
green,11
reduct,5
field,14
compet,31
nonplay,1
sculptur,3
ignor,2
you,6
architectur,2
poor,8
rt,1
genuin,1
regardless,4
condens,6
shelter,2
sequenc,16
symbol,4
teeth,1
drift,2
m,1
godalm,3
peak,1
vocabulari,1
reduc,25
deliber,1
escal,1
unselect,1
descript,6
cabbag,1
inevit,1
burrow,1
mass,9
potenti,11
nutrient,10
represent,1
all,82
consider,12
illustr,9
lack,15
month,1
unrest,1
atlant,4
correl,2
abil,23
follow,156
allergi,2
children,39
alp,1
nors,1
morpholog,1
dairi,6
incap,1
former,1
to,1365
tail,8
program,3
present,31
sustain,3
instruct,2
countless,2
introduc,13
sound,1
liter,3
decidu,1
shaft,1
far,18
fat,2
util,2
psychologist,8
candid,2
allus,2
totem,1
failur,1
veri,50
strang,1
unalt,2
pueblo,13
list,1
mild,1
sand,3
adjust,8
small,31
mammal,8
imperm,2
quicker,1
ten,6
difficulti,4
past,25
rate,28
pressur,13
design,20
pass,5
further,8
hamper,1
excit,1
harden,1
what,73
barrier,2
maritim,1
clock,44
sun,35
section,2
abl,34
brief,9
overshot,2
mesquit,2
version,2
intersect,7
deepli,1
row,2
method,12
contrast,4
movement,22
full,4
themselv,10
pacif,19
variat,2
sophist,9
compulsorili,2
mule,2
wild,15
unimprov,1
uneven,1
excess,1
seafloor,7
strong,8
modifi,5
valu,5
pleasant,1
search,2
misinterpret,1
intertid,2
sorghum,2
prior,2
amount,29
healthier,1
euphrat,1
social,31
action,10
introductori,3
narrow,3
cobbl,1
engrav,11
diamet,6
via,3
declin,20
caravan,2
transit,14
airway,7
africa,9
readili,3
ask,1
voyag,2
inappropri,1
conspicu,3
famili,3
establish,13
select,28
aggress,7
ash,2
eye,3
proceed,4
warship,2
brusqu,1
neolith,2
injuri,2
two,72
splash,1
offshor,1
taken,2
satisfact,1
minor,4
more,148
flat,3
flaw,1
desir,1
flap,2
hundr,8
flax,1
nomad,4
stick,2
broke,3
aris,4
known,30
tfrom,1
saharan,9
town,11
dictat,2
none,1
fatal,1
valuabl,5
hous,11
citizen,3
outlin,1
histori,16
remain,28
paragraph,201
underw,2
learn,11
abandon,3
male,20
prompt,1
challeng,16
share,10
shard,1
accept,5
autumn,4
sphere,2
prehistori,1
unreli,4
explor,3
explos,3
phrase,21
collid,1
huge,5
cours,5
interconnect,2
goal,1
awkward,1
divid,4
rather,19
anoth,26
comfort,1
american,13
mapl,2
divis,2
reject,2
simpl,17
goat,3
plant,142
resourc,47
taho,2
porvid,1
evad,1
statuari,1
gase,4
reflect,5
blood,8
associ,16
a,1189
stabil,6
circumst,2
short,18
coat,3
crystallin,2
woodlot,1
caus,26
coal,18
waterfowl,2
spheric,3
shade,2
egg,2
juan,1
burnt,1
infant,4
constitu,4
help,31
reservoir,36
erod,3
mediev,6
equatori,1
soon,13
ejecta,9
econom,18
stylus,1
held,2
paper,7
through,36
lava,5
resurg,2
suffer,2
eros,8
style,28
overhead,1
alli,1
late,16
resort,2
astonish,2
bypass,1
stephen,3
waterpow,25
clamor,1
might,20
alter,4
told,1
finer,1
stiffen,1
good,22
return,4
dim,1
food,64
sentenc,102
pollut,8
hunter,17
arsenal,6
framework,1
geotherm,36
complain,1
bigger,1
antelop,4
document,8
convect,2
authent,2
predatori,3
mysteri,3
easili,13
achiev,6
ceas,1
found,40
genoa,1
portraitur,3
status,4
england,10
mental,7
weight,6
waterwheel,22
daguerreotyp,6
fish,5
thirteenth,12
idea,28
fractur,12
democrat,1
heavi,6
oil,5
connect,10
tahiti,1
beemster,1
energi,48
beyond,3
event,23
flower,6
safeti,1
weav,3
publish,1
research,14
health,2
hill,1
absorb,3
print,1
occurr,1
caucasian,3
textil,2
extraordinari,1
fiber,2
belief,1
advanc,6
dung,1
lifestyl,3
reason,14
base,13
believ,20
meteorit,24
put,7
teach,1
earliest,23
bulla,1
basi,2
thrown,1
neurolog,1
revolutionari,1
perhap,8
perman,8
threat,4
undergo,4
habit,1
assign,1
feed,11
copper,7
major,34
upper,4
feel,5
exchang,12
number,44
evolut,20
feet,2
dust,16
sailor,8
drier,4
done,5
least,5
stabl,2
miss,1
stage,2
differ,89
script,2
blossom,1
interact,12
mont,6
construct,16
paint,22
stori,9
station,7
contin,7
reclam,10
statement,13
crow,1
twenti,2
entrepreneur,1
store,16
enliven,1
imperfect,3
option,2
relationship,11
behind,6
sandston,1
mudflat,5
pari,2
tsets,2
part,28
court,1
viarieti,1
sheer,1
exposur,3
kind,14
b,492
photosynthesi,6
whenev,2
disagr,1
remov,15
sti,1
horizont,3
youth,1
i,1
overtim,1
stalk,1
snowsho,6
consumpt,4
toward,7
weapon,2
atmospher,17
strengthen,1
windmil,3
kreb,3
sell,1
mountain,5
wilson,11
rower,5
built,15
equival,3
self,10
cave,3
port,5
onset,2
also,54
etienn,2
build,18
wildlif,2
distribut,7
reckon,1
park,1
eater,1
english,1
reach,11
mixtur,2
react,2
most,103
charl,2
watt,2
oyster,4
tpo,4
clear,20
cover,12
clean,1
barren,1
weigh,1
ordinarili,2
sector,5
humid,2
phenomenon,7
asphalt,1
sparrow,1
lay,2
freight,2
hairi,1
fine,7
find,13
livestock,2
impact,21
access,6
giant,1
overabund,1
northern,12
nervous,3
writer,1
solut,5
technic,6
inanna,1
experiment,4
factor,33
uruk,30
darwin,10
boulder,2
his,8
hit,2
unus,1
albeit,2
secular,4
express,39
intensifi,4
cheaper,1
nativ,8
grew,6
fastest,1
silk,4
sunni,2
restart,1
molten,5
adulthood,3
cyclic,2
rainfal,18
common,26
archaeologist,15
river,29
respir,2
obscura,3
set,10
art,65
kiln,2
dump,1
creator,2
herbivor,2
sex,5
see,3
are,288
sea,15
biologist,5
portrait,3
bark,5
contour,2
dwarf,1
revolution,1
expert,1
merci,1
someth,5
debat,8
various,10
amphora,14
experi,24
altern,8
concentr,11
cuticl,1
latin,1
appreci,3
numer,8
sold,2
sole,1
millet,2
isol,6
poorer,1
succeed,1
fifteenth,2
arrang,3
solv,6
obliter,2
popul,89
both,31
c,491
last,11
annual,10
alon,8
onion,1
foreign,3
roman,44
context,2
whole,15
rainwat,2
load,1
agentd,1
simpli,4
point,15
smith,2
northeastern,1
smother,1
unrealist,1
suppli,34
vessel,7
mistak,1
throughout,9
coincid,1
communiti,8
yukon,1
vertic,4
instrument,2
stamp,3
damp,1
overlook,1
devic,10
due,5
empti,1
secret,1
amnesia,6
brick,1
strategi,1
invis,1
flight,2
exercis,1
fire,4
leafi,1
imag,34
densiti,12
gas,6
great,33
gap,2
coordin,3
understand,29
demand,24
repetit,1
educ,1
pueblito,1
look,36
solid,7
budget,1
durat,1
pace,4
while,31
eldredg,3
abov,14
error,2
fun,1
clarifi,1
everyon,2
pack,3
real,4
pounc,1
itself,10
centuri,103
vanish,1
rib,6
communal,6
eland,1
farmstead,1
obsolet,4
belong,4
ancestr,6
lengthi,4
itali,2
lynx,11
terrac,2
higher,20
development,5
snail,1
imagin,2
wherea,4
alert,1
healthi,2
temporari,2
user,1
birch,3
wherev,1
chang,119
recent,19
lower,14
task,7
machineri,3
ampl,2
older,16
entri,1
chemistri,1
spent,1
grind,3
person,5
chees,1
expens,7
elev,12
swiss,1
traffic,4
spend,2
propos,5
explan,12
canid,2
predetermin,2
exclud,4
obscur,2
relianc,1
shape,18
cessat,2
administ,1
bivalv,8
survivorship,1
continent,1
timber,8
wage,4
lit,1
cut,3
predomin,3
tablet,3
stimul,7
bick,1
persuad,1
theoret,2
unintent,1
win,1
input,11
persuas,1
subsequ,2
easter,1
complaint,1
australia,16
format,7
disciplin,4
rebound,2
molecul,6
abound,1
gama,2
characterist,12
blemish,1
success,11
confront,1
signal,12
resolv,1
earthquak,2
collect,8
princip,1
popular,5
pilgrimag,1
encount,1
scare,1
peter,2
often,19
ecologist,2
spring,7
creation,3
some,82
play,68
global,1
understood,5
strongest,3
martian,17
sampl,2
sight,2
unquestion,1
curious,1
surpris,8
scale,9
debri,1
charg,2
per,3
recognit,2
larg,63
friesland,1
reproduc,4
nose,3
machin,11
be,253
run,5
rub,55
odor,2
fed,8
stem,7
step,2
squeez,1
tidal,3
puebloan,2
impos,1
rut,7
vivid,1
dormant,1
unsophist,1
juvenil,1
coexist,2
sledg,2
materi,45
prove,5
shini,2
page,1
revolut,12
dormanc,2
subconsci,1
block,2
predat,63
repair,1
sulfat,1
primarili,13
irrit,5
graviti,10
into,84
within,21
shed,2
royal,3
irrig,6
steven,2
ensur,4
announc,1
volcan,30
canal,3
occupi,15
inclus,14
ontario,9
span,2
propel,1
famous,3
question,18
percept,1
fast,5
camera,7
aestiv,5
includ,21
suit,1
semiliquid,1
etch,2
tradit,14
perplex,1
hawaiian,14
subduct,2
pastor,2
cloth,3
link,4
translat,1
newer,1
atom,4
russian,1
coldest,1
line,7
hair,1
coriand,1
consist,12
paragreaph,1
up,36
us,3
planet,9
growth,26
highlight,22
similar,29
innumer,2
curv,1
groundwat,33
enlarg,1
constant,9
alterniflora,2
metal,14
repres,11
incomplet,1
guarante,1
huron,1
prevail,1
boxlik,3
intact,2
titl,1
handmad,1
scrape,16
nich,11
draw,3
mustard,1
dali,9
william,2
insect,10
lent,1
leaf,2
clue,1
punctuat,11
desert,37
unaffect,1
ago,17
lane,2
land,72
e,59
vice,1
age,34
notion,1
potteri,53
depth,7
arisen,1
broad,3
seawe,2
fresh,3
megawatt,1
liquefi,1
surrey,2
code,3
partial,1
edg,7
synapt,1
desol,2
lowland,1
unev,1
legal,1
broader,1
go,4
overcam,1
cognit,2
compact,6
copernicus,2
privat,3
procur,1
gold,2
yuti,3
elsewher,2
young,18
arid,8
outgo,1
becam,39
opposit,2
sens,4
gravel,1
garden,3
volum,13
relev,1
tri,6
northwestern,3
tonal,1
gender,1
sedentari,4
perceiv,1
michael,2
geograph,3
fewer,6
ridg,3
race,1
hemispher,1
dealt,1
freed,1
pleas,1
vehicl,2
impli,7
smaller,12
fortun,1
sovereign,2
natur,46
mediterranean,10
crop,24
sumerian,1
pour,2
reunion,1
acid,1
odd,1
compat,1
compar,12
trilobit,4
resembl,3
cell,10
indian,2
counterexampl,1
bird,10
whatev,2
led,24
chose,1
leg,1
kangaroo,1
len,3
bodi,10
northeast,1
sink,5
storytel,1
sing,1
becom,48
sinc,16
acquir,4
residenti,1
convert,2
convers,2
survivor,1
tuzo,2
emuls,1
conceiv,1
larger,18
technolog,18
later,26
converg,2
typic,18
gene,1
maker,1
rive,1
employe,1
firewood,1
redw,1
danger,5
appli,10
approxim,5
foundat,1
prestig,3
motor,2
buildup,1
cloud,4
use,149
from,278
stream,17
doubl,2
next,6
implic,1
few,26
doubt,4
incis,1
crab,2
triest,1
d,454
longwav,1
commut,1
hydro,8
sort,5
pencil,1
sharpli,3
comparison,3
impress,7
trail,9
train,1
rabbit,1
recount,3
actual,13
harvest,3
women,1
reproduct,4
account,8
f,41
this,111
nonagricultur,2
justic,1
carrot,1
obvious,9
thin,4
drill,2
island,53
meet,4
mesopotamia,7
scatter,4
aliv,1
control,50
patron,3
plate,53
process,34
high,62
workforc,2
downhil,1
slip,2
sought,1
silt,3
crimin,1
trumpet,5
rape,1
weaken,3
everywher,1
surfac,108
forese,1
sit,3
lesley,2
delay,2
forest,6
dissolv,4
instead,9
buoyanc,1
outlast,1
prolif,1
inhal,4
farm,21
await,3
timekeep,8
attent,1
topograph,3
da,2
underwat,1
physic,11
villag,6
essenti,50
agricultur,59
light,9
counter,3
correspond,4
element,25
issu,3
scoop,1
mainten,1
allow,32
cattl,23
outclass,1
move,49
cropland,1
meter,12
sperm,1
evolutionari,20
dial,2
perfect,3
superior,7
outer,2
decay,2
send,1
fluidiz,1
labor,6
nonwoodi,1
marsh,22
infrastructur,1
decad,10
therefor,11
rat,8
prosper,2
unpaint,1
greater,26
legendari,2
handl,7
dam,2
overal,7
literaci,1
mention,18
facilit,2
front,2
investor,1
day,17
successor,2
somewher,1
anyth,1
radiant,1
tran,1
shipbuild,13
februari,2
trap,10
forebrain,1
disregard,1
beneath,6
francisco,2
upward,3
societi,18
intellig,2
fourneyron,3
consum,10
elus,1
static,1
brittl,1
fluctuat,5
our,3
tenth,1
special,20
out,64
variabl,1
antiqu,3
matrix,7
twice,1
influenc,8
defend,4
discharg,1
categori,5
mate,1
suitabl,5
rem,11
herder,9
red,5
evapotranspir,1
franc,4
insid,6
spot,16
manipul,1
invad,2
graze,2
marey,2
releas,2
embarrass,1
likelihood,1
farmland,2
mainland,3
g,5
could,68
adriat,3
keep,10
counterpart,2
length,6
enforc,2
outsid,7
mortal,1
corrector,1
retain,1
scarc,4
organiz,1
south,14
embryo,2
jigsaw,1
qualiti,26
scene,10
eleventh,3
drastic,1
afield,1
facil,1
ancient,29
monkey,7
strict,2
unknown,1
backtrack,1
galley,10
system,34
messag,2
eighth,1
their,148
nebular,7
expenditur,1
autograph,1
man,1
final,9
boil,1
prone,1
sixteenth,12
shell,2
stomach,1
gear,1
jule,2
shallow,12
tissu,7
diminish,4
photograph,10
holland,2
eadweard,2
muybridg,2
richer,2
structur,25
collaps,4
bind,2
psycholog,2
extraordinarili,1
thirtyfold,1
frontier,1
deliveri,1
shakespear,1
nutriti,1
tide,2
buy,8
immigr,1
have,181
cohes,2
need,45
waken,1
afraid,1
soak,2
ephemer,4
diverg,1
rout,10
mid,5
accuraci,4
mix,5
unawar,1
discret,1
impur,1
which,217
discrep,1
combin,6
korean,3
olfactori,5
divers,16
singl,12
textur,3
radioact,6
unless,2
horn,3
combat,2
who,25
whi,65
discov,11
patchi,1
eight,1
spartina,31
aborigin,16
segment,5
payment,1
eject,1
chordrit,1
dens,6
gather,26
upset,1
face,7
inde,7
determin,20
occasion,8
fact,11
madder,1
text,6
indoor,1
anyway,2
multicellular,1
bring,3
empir,8
rough,9
thicker,1
locat,18
tire,1
jay,3
tough,1
youngest,1
forev,1
should,5
prolong,1
arabian,1
suppos,1
intrigu,2
fuel,8
sulfur,2
inhabit,9
spice,11
local,9
equilibrium,10
meant,3
insight,1
contribut,16
starch,1
familiar,7
michigan,1
bear,2
joint,4
increas,105
photographi,27
noria,1
gray,3
reluct,3
organ,32
countrysid,10
wolv,6
whether,13
stuff,1
integr,3
contain,25
sediment,12
view,6
withstand,3
reykjavik,1
nitrogen,1
municip,1
knowledg,10
accord,131
temporarili,1
wetland,4
hardship,1
closer,5
maynard,4
aros,4
tecton,18
boundari,8
nebula,13
tend,21
favor,9
state,30
physiolog,4
crude,2
progress,7
neither,4
marshi,2
induc,2
bought,2
textbook,2
electrotechnolog,5
bed,6
enigmat,2
monument,3
tamarisk,2
job,4
entir,12
key,3
conqueror,1
disput,1
undoubt,2
addit,11
sixtyfold,1
extens,10
equal,10
admit,1
instanc,2
grain,29
equat,1
freeli,3
bronz,8
highland,1
comment,2
unclear,4
wall,8
arriv,1
moistur,1
distinguish,2
carbon,13
respect,3
flourish,1
withdrawn,1
quit,4
pastoralist,1
slowli,15
pliocen,1
obstacl,3
breakdown,1
compon,1
fisheri,1
besid,2
treat,4
electr,31
hottest,3
immedi,10
monopol,2
historian,4
presenc,12
goddess,1
assert,1
airflow,5
togeth,15
bull,6
unpos,1
an,139
bulg,5
painter,6
darker,1
cow,1
wilt,2
plain,10
harder,5
britain,19
will,33
defin,3
glossari,1
observ,22
arabl,3
layer,12
purchas,2
motif,8
engag,5
almost,16
oversea,2
generat,18
thus,22
site,31
meteoroid,2
motiv,1
substanti,4
prose,24
revis,3
waxi,2
scienc,1
parti,1
began,16
satisfi,1
cross,1
member,3
cope,1
northwest,5
largest,9
underground,21
miohippus,1
infer,21
difficult,22
competit,52
spell,1
slave,1
selfish,4
expans,5
drink,1
upon,2
effect,40
beast,1
inbreed,2
subtid,1
canva,1
succul,2
expand,9
rift,2
off,5
center,13
philippin,2
diversifi,1
well,31
thought,7
permeabl,15
exampl,34
noorderkwaro,1
undertaken,1
depict,1
usual,38
taller,1
distanc,7
less,41
oak,1
obtain,9
mistaken,1
replenish,1
germin,2
distant,6
surpass,4
episod,6
skill,11
simultan,2
systemat,1
rapid,27
scent,7
tight,2
cage,8
onward,1
sky,1
lake,97
hall,1
shorelin,2
add,1
other,134
wet,8
collis,1
wey,3
possess,8
match,2
oar,2
cuneiform,1
rememb,9
fate,1
utah,1
piec,13
theolog,2
semiarid,2
haul,1
realiz,3
five,2
know,12
denser,2
press,1
horsepow,3
toe,2
plung,1
loss,17
resid,25
like,39
lost,11
incred,1
poros,15
geotheramlli,1
necessari,10
lose,4
polit,4
soft,2
crisi,11
italian,8
exceed,5
drop,8
habitat,14
captur,2
church,10
phenomena,3
conservat,1
intoler,1
marshland,2
warmer,7
convey,3
faraday,3
proper,2
home,11
blade,4
transport,22
competitor,14
shrub,1
lead,12
leak,1
avoid,4
miner,15
overlap,1
tablewar,2
leas,2
leap,1
estim,12
leav,47
settl,1
glacial,3
speak,3
leader,5
mode,2
encourag,7
investig,6
slight,5
mantl,11
excav,2
usag,1
masteri,1
spartin,2
tenfold,3
although,32
simpler,2
about,116
misbehav,1
rare,10
column,1
sumer,7
blockag,1
discard,5
norm,1
own,16
owe,1
washington,4
interstellar,5
automat,9
primat,3
weather,2
erect,1
mere,3
processor,1
pictur,7
transfer,4
legibl,2
rotat,1
rudimentari,2
biggest,2
maze,1
cowork,1
function,14
netherland,4
north,19
searcher,1
agre,1
coke,3
advers,1
but,99
wrestl,1
gain,8
prehistor,1
culmin,1
highest,1
eat,5
he,2
cotton,16
made,67
displac,1
veget,13
ecosystem,2
smooth,9
troubl,1
venetian,35
record,17
below,38
limit,20
indefinit,1
invest,2
otherwis,1
problem,35
display,5
nonaggress,1
mask,1
dure,77
twist,1
mollusk,1
circul,3
pit,1
probabl,29
nonetheless,1
percent,8
detail,11
virtual,3
book,2
shortwav,1
futur,8
meteor,6
varieti,16
wing,5
fodder,1
repeat,10
star,5
stay,4
intermediari,1
percol,2
escap,10
humbl,2
cliff,3
droplet,1
experienc,8
scientif,10
reliabl,10
space,20
rule,2
syllabl,6
portion,1
emerg,11
geophysicist,1
rural,6
herbicid,3
invari,1
foothil,1
