all,7
concept,1
consider,1
whatev,1
illustr,2
forbidden,1
lack,1
month,1
four,1
signific,4
sleep,3
illustratea,1
abil,8
go,1
follow,12
mill,1
children,1
whose,6
privat,1
accur,2
depend,3
system,1
sensit,1
introductori,2
proxim,1
environment,10
to,137
topic,1
deviat,2
present,13
rhythm,18
aris,3
neonatesb,1
worth,4
introduc,1
far,1
appar,1
exact,2
sunriseb,1
hour,8
level,4
stimulus,21
forth,2
list,1
fewer,1
adjust,1
team,1
small,2
commond,1
organismsd,1
enjoy,1
speci,1
natur,1
direct,2
techniqu,17
consequ,2
second,4
pressur,1
gossip,1
further,1
bacteria,1
inconclus,1
even,7
will,5
what,6
appear,2
compar,1
clock,23
sun,1
abl,2
brief,2
uniform,2
experiment,1
suspect,1
conduct,1
new,14
method,5
contrast,1
movement,5
groupd,1
themselv,4
groupc,1
groupb,1
genet,2
decid,1
excess,1
becom,4
fifteen,1
valu,1
great,3
physiolog,1
geophys,1
shift,3
larger,3
thata,1
precis,4
prior,1
amount,1
healthier,1
social,17
studi,21
head,2
chanc,1
ourselv,2
elaboratec,1
imposs,1
love,3
cuesd,1
win,1
approxim,2
emot,2
prefer,1
leav,3
motor,3
visibl,1
should,4
establish,4
select,3
use,21
from,22
describ,3
would,3
distinct,1
thereforeb,1
selectd,1
two,15
next,1
implic,1
predict,2
live,3
call,2
calm,1
crab,5
taken,2
basi,1
type,6
until,3
minor,2
more,11
sort,1
comparison,1
babi,2
peopl,24
relat,6
mismatch,1
stimulusd,1
enhanc,1
visual,4
indic,11
particular,8
detractb,1
given,1
origin,1
must,8
reproduct,1
word,11
valuabl,1
perceiv,7
this,9
work,6
uninterruptedc,1
believedd,1
fli,1
remain,4
paragraph,18
animalc,1
can,10
learn,1
meet,1
purpos,3
endow,2
nervous,1
control,1
claim,1
process,2
share,1
accept,6
high,1
critic,2
tabl,1
unreli,1
phrase,1
occur,5
paradigm,1
huge,1
differenti,1
cours,2
end,5
goal,1
secur,3
rather,1
anoth,2
travel,1
get,3
rapport,1
how,1
vital,1
sever,1
reject,1
answer,4
instead,2
unabl,2
nonnutrit,2
attend,1
may,9
lag,1
fungus,2
attent,2
such,14
suck,5
associ,3
physic,1
a,108
stabil,2
alga,1
essenti,6
practic,4
third,3
light,3
correspond,1
produc,2
caus,2
inform,6
maintain,5
so,7
allow,3
offend,1
egg,1
talk,1
oper,1
infant,57
help,1
gradual,2
over,4
move,4
imperson,1
brain,9
through,5
neurospora,2
affect,4
equip,1
naturalist,1
vari,2
group,53
monitor,2
passag,25
movementsc,1
better,3
persist,4
main,2
bya,2
then,1
them,7
within,3
sentenc,10
overal,1
initi,1
mention,6
they,18
compound,1
not,22
blink,2
discuss,1
introduct,4
additionallyc,1
choic,8
electro,1
powerfulc,1
revers,1
unnatur,1
achiev,2
habitu,6
each,3
done,1
complet,4
cycleb,1
mean,21
societi,8
animalsd,1
auditori,2
individu,6
multipl,1
continu,12
circadian,6
expect,3
hormonesb,1
year,1
fluctuat,1
our,8
happen,1
beyond,1
event,4
special,1
out,8
perceptu,8
occurr,1
evid,8
space,2
goe,1
pigeon,1
research,18
categori,1
hear,1
sustain,3
adapt,1
providingd,1
quantifi,5
delicateb,1
after,1
neverthelessd,1
navig,1
worthwhil,1
eukaryot,2
situat,2
argu,2
quick,2
base,1
believ,3
shun,2
ratec,1
likelihood,1
care,2
frequenc,2
area,1
synchron,2
success,2
timer,2
keep,2
motion,1
turn,2
length,2
enforc,2
place,2
due,1
outsid,2
heartbeat,1
dayd,1
subtl,1
think,2
frequent,3
first,5
feed,2
rang,6
attest,1
feel,2
exchang,1
number,7
one,11
enlargeb,1
featurec,1
oppos,1
stabl,2
agre,2
primari,32
consistentlyd,1
size,4
differ,13
actual,1
jet,1
data,5
interact,5
breed,1
sometim,2
their,16
burst,1
toa,12
relationship,21
that,60
season,1
tool,1
part,1
domin,1
than,11
serv,3
kind,1
b,12
provid,14
onc,1
biolog,16
structur,2
overtim,1
sens,4
were,7
minut,1
rate,1
result,1
and,83
analysi,2
entail,1
pass,2
ani,2
tide,2
behaviorb,1
have,19
cohes,1
need,3
seen,2
seem,3
theoriesc,1
strength,2
built,2
moreov,2
gripe,1
accuraci,1
also,1
contact,3
which,18
hatch,1
transmit,1
environ,8
olfactori,2
singl,2
therefor,1
begin,1
dishabitu,6
normal,5
who,8
reach,2
whi,5
discov,1
most,7
attempt,1
regular,1
crayfish,1
apparatus,1
stronger,1
face,2
inde,1
sunset,1
determin,4
occasion,2
unchang,1
naturald,1
show,1
random,1
sophist,2
bring,2
bright,1
clockc,1
earth,1
stimulusb,1
discoveri,1
find,4
ground,1
involv,4
despit,3
onli,7
slow,1
acquir,1
true,3
explain,2
activ,22
state,3
dispers,1
themd,1
daylight,2
factor,5
local,3
do,5
contribut,1
satisfact,1
recoveri,1
express,12
secondari,15
theori,1
cannot,2
compass,1
increas,5
stimulib,1
requir,2
organ,8
seldom,1
overgener,2
changeabl,1
common,2
mediat,1
contain,1
cri,2
where,1
respir,2
vision,2
view,2
respond,6
conform,1
set,7
aspect,1
fair,1
habit,1
questionnair,1
accord,8
potent,2
meaningfuld,1
univers,1
see,3
are,52
biologist,2
fail,3
close,7
sport,1
becaus,10
best,4
subject,1
detect,2
discrimin,2
pattern,8
tend,2
enough,2
bridg,3
various,3
between,16
import,12
experi,4
across,2
we,15
patholog,1
numer,1
enduringd,1
weak,2
impressd,1
isol,3
cycl,18
job,1
key,1
otherwis,1
distinguish,1
come,3
addit,1
both,1
c,12
extens,2
joke,1
howev,2
alon,1
leavingb,1
against,2
rotat,1
s,56
instanc,3
perceptiond,1
mani,6
rhythmsc,1
simpli,1
point,5
schedul,7
period,25
commend,1
typic,2
assum,2
communiti,1
vogu,1
strong,2
clearlyb,1
companionship,2
recur,2
west,1
devic,3
three,4
been,6
breath,2
accumul,1
evok,1
much,2
interpret,1
interest,4
basic,1
threaten,1
immedi,1
devis,2
life,4
regul,2
squirrel,1
reaction,1
emphas,1
presenc,2
summari,6
gap,1
coordin,6
understand,3
togeth,5
demand,1
deepen,1
repetit,5
an,44
heighten,2
those,4
case,1
east,1
these,8
evaluatec,1
align,2
durat,4
employ,1
defin,2
while,5
behavior,9
aid,1
observ,20
almost,2
is,69
generat,3
it,31
elicit,2
anim,28
in,126
ostrac,1
if,3
develop,7
author,7
sociologist,9
suggest,1
make,5
belong,2
perceptionb,1
same,2
member,4
complex,2
wheel,1
lengthb,1
fill,1
infer,2
difficult,7
week,3
closest,11
permit,1
effect,4
preced,1
driven,1
capabl,1
fruit,1
thea,1
improv,1
extern,14
neonat,9
respons,19
chang,19
metabol,2
practiceb,1
kept,3
discourag,1
stimuli,14
well,4
without,5
thought,1
person,6
exampl,5
command,1
adjustedb,1
the,286
reward,3
usual,3
processd,1
distanc,1
identifi,3
just,1
less,2
human,3
shuttl,1
depart,1
yet,2
previous,3
depriv,3
web,1
rapid,2
predomin,3
stimul,2
declin,2
except,3
littl,1
day,17
instrument,10
cue,18
strongc,1
has,8
match,1
around,1
horsesho,5
dark,5
temperatur,5
five,1
know,2
advancec,1
characterist,3
increasedd,1
like,5
takend,1
measur,10
d,12
specif,1
signal,2
exposingc,1
heart,3
quicklyc,1
necessari,1
either,1
night,1
newborn,2
right,2
often,7
disori,1
paragraphc,1
nighttim,2
some,10
play,1
interlock,1
intern,24
proper,1
home,1
indirect,4
surpris,1
clocksc,1
competitor,2
for,42
confirm,1
definit,1
evolv,3
larg,2
lunar,1
overcom,1
visualb,1
condit,2
reproduc,3
refer,1
somehow,1
be,27
investig,2
run,1
power,1
onesb,1
agreement,1
step,1
found,1
eye,8
major,2
by,25
on,22
about,7
count,1
central,1
of,169
degre,3
carrier,1
commit,1
bond,2
or,27
own,4
primarili,2
into,3
dispens,1
bound,1
relationshipsbiolog,1
surviv,2
assess,6
artificialb,1
verbal,1
few,2
support,1
there,1
question,4
percept,11
long,1
reli,2
includ,1
way,5
laboratori,1
cowork,1
was,2
disorientationb,1
function,3
daytim,2
form,3
solidar,3
electr,5
but,5
idea,9
sunris,2
diffus,2
link,3
solar,6
line,1
timesc,1
with,41
conclus,5
reset,3
absent,1
made,1
intenseb,1
consist,1
possibl,2
whether,1
stimulid,1
up,2
us,8
lead,1
intim,1
record,4
below,6
limit,3
fundament,3
highlight,3
problem,2
unrel,1
similar,3
display,2
connect,2
featur,5
constant,3
evalu,1
certain,4
dure,1
general,4
as,42
exist,2
at,4
cultur,4
doe,6
ina,1
film,2
probabl,1
incorrect,3
no,2
permanentc,1
when,15
field,3
other,8
role,1
communic,1
test,1
tie,16
chronobiolog,1
realiti,1
draw,1
repeat,1
pacifi,1
norm,4
drift,2
hormon,1
meaning,1
intens,1
intent,1
cooper,3
enzym,2
reduc,1
longer,2
invest,2
age,1
orbit,1
influenc,2
itself,1
emerg,1
potenti,2
time,6
wake,1
daili,17
